id,rep,stages,scens,duality_handler,forward_pass,backward_pass,sampling_scheme,fpass_type,mipgap,M,total_time,backward_pass_time,iterations,lower_bound,ci_low,ci_high,gap,std_cuts,nonstd_cuts,delta,type1_prob,type2_prob,seed,lagrangian_dominant,integer_lshaped_dominant,incomparable,aggregation_timestamp
60,1,10,10,Lagrangian,DefaultMultiForwardPass,Default,InSampleMonteCarloMultiple,1,0.0001,2,76.02761101722717,68.062,13,22524.419659086285,22610.393101115962,22923.643601876578,1.7415379061189553,0,201,0.01,1.28,1.28,1001,0,0,0,2025-11-12T18:43:50.626
60,1,10,10,Lagrangian,DefaultMultiForwardPass,Default,InSampleMonteCarloMultiple,1,0.0001,2,3609.6346430778503,3536.981,216,22599.331527972172,22550.680730967048,22866.839582412453,1.1698514500710846,0,1903,0.01,1.28,1.28,2001,0,0,0,2025-11-12T18:43:50.626
60,1,10,10,Lagrangian,DefaultMultiForwardPass,Default,InSampleMonteCarloMultiple,1,0.0001,2,598.8603389263153,581.073,64,22591.801828508527,22524.623078590957,22842.69758068554,1.0983630601893377,0,757,0.01,1.28,1.28,3001,0,0,0,2025-11-12T18:43:50.626
60,1,10,10,Lagrangian,DefaultMultiForwardPass,Angulo,InSampleMonteCarloMultiple,1,0.0001,2,2224.72762298584,2165.286,188,22588.12361597178,22573.742610803438,22889.454384608525,1.3164611247324756,775,1268,0.01,1.28,1.28,1001,0,0,0,2025-11-12T18:43:50.626
60,1,10,10,Lagrangian,DefaultMultiForwardPass,Angulo,InSampleMonteCarloMultiple,1,0.0001,2,2197.8489241600037,2135.752,189,22597.332418851864,22548.87669352925,22865.6963741699,1.173653104312153,889,1196,0.01,1.28,1.28,2001,0,0,0,2025-11-12T18:43:50.626
60,1,10,10,Lagrangian,DefaultMultiForwardPass,Angulo,InSampleMonteCarloMultiple,1,0.0001,2,62.764045000076294,49.704,38,22444.182998654418,22531.193399879234,22845.53002145854,1.7567857800941444,501,86,0.01,1.28,1.28,3001,0,0,0,2025-11-12T18:43:50.626
60,1,10,10,Laporte,DefaultMultiForwardPass,Default,InSampleMonteCarloMultiple,1,0.0001,2,3605.6477568149567,3080.931,664,4422.215422518753,25993.76112272584,26382.08053998024,83.23780637460646,0,10823,0.01,1.28,1.28,1001,0,0,0,2025-11-12T18:43:50.626
60,1,10,10,Laporte,DefaultMultiForwardPass,Default,InSampleMonteCarloMultiple,1,0.0001,2,3602.451812982559,3077.882,657,4410.895922518754,26504.280108131097,26893.90575673571,83.59890169015698,0,10675,0.01,1.28,1.28,2001,0,0,0,2025-11-12T18:43:50.626
60,1,10,10,Laporte,DefaultMultiForwardPass,Default,InSampleMonteCarloMultiple,1,0.0001,2,3608.4729640483856,3066.229,581,4293.16239003878,25796.86097906461,26184.533794166386,83.60420535348524,0,9472,0.01,1.28,1.28,3001,0,0,0,2025-11-12T18:43:50.626
60,1,10,10,Laporte,DefaultMultiForwardPass,Angulo,InSampleMonteCarloMultiple,1,0.0001,2,161.7938060760498,116.788,85,22428.07149149265,22695.983812360693,23008.987297698197,2.524734351362179,963,348,0.01,1.28,1.28,1001,0,0,0,2025-11-12T18:43:50.626
60,1,10,10,Laporte,DefaultMultiForwardPass,Angulo,InSampleMonteCarloMultiple,1,0.0001,2,1976.39825797081,1646.88,298,22566.400395788078,22783.981813415405,23096.855639220645,2.29665566481614,2374,2019,0.01,1.28,1.28,2001,0,0,0,2025-11-12T18:43:50.626
60,1,10,10,Laporte,DefaultMultiForwardPass,Angulo,InSampleMonteCarloMultiple,1,0.0001,2,86.27642703056335,54.158,64,22414.110825198153,22605.531444389897,22920.8300891522,2.2107369671304546,846,167,0.01,1.28,1.28,3001,0,0,0,2025-11-12T18:43:50.626
60,1,10,10,Benders,DefaultMultiForwardPass,Default,InSampleMonteCarloMultiple,1,0.0001,2,14.10176420211792,4.823,13,22234.488711818067,22607.64429733239,22919.382199632313,2.988272030409414,200,0,0.01,1.28,1.28,1001,0,0,0,2025-11-12T18:43:50.626
60,1,10,10,Benders,DefaultMultiForwardPass,Default,InSampleMonteCarloMultiple,1,0.0001,2,100.19316697120667,35.467,189,22282.144816923254,22549.13050088058,22867.442782055747,2.559525219810677,1417,0,0.01,1.28,1.28,2001,0,0,0,2025-11-12T18:43:50.626
60,1,10,10,Benders,DefaultMultiForwardPass,Default,InSampleMonteCarloMultiple,1,0.0001,2,25.994791984558105,9.761,38,22268.869927310297,22523.034196805427,22842.545570789756,2.511434821051884,503,0,0.01,1.28,1.28,3001,0,0,0,2025-11-12T18:43:50.626
60,1,10,10,Lagrangian,DefaultMultiForwardPass,Comparison,InSampleMonteCarloMultiple,1,0.0001,2,104.76703810691833,95.721,13,22524.419659086285,22610.393101115962,22923.643601876578,1.7415379061189553,0,201,0.01,1.28,1.28,1001,0,0,201,2025-11-12T18:43:50.626
60,1,10,10,Lagrangian,DefaultMultiForwardPass,Comparison,InSampleMonteCarloMultiple,1,0.0001,2,3625.158567905426,3562.457,218,22599.364800006653,22550.680799441692,22866.839660684043,1.1697062849365727,0,1913,0.01,1.28,1.28,2001,0,0,1913,2025-11-12T18:43:50.626
60,1,10,10,Lagrangian,DefaultMultiForwardPass,Comparison,InSampleMonteCarloMultiple,1,0.0001,2,694.0472700595856,676.186,64,22591.801828508527,22524.623078590957,22842.69758068554,1.0983630601893377,0,757,0.01,1.28,1.28,3001,0,0,757,2025-11-12T18:43:50.626
61,1,10,10,Lagrangian,DefaultMultiForwardPass,Default,InSampleMonteCarloMultiple,1,0.0001,2,212.85091519355774,199.932,29,24771.499539537144,24667.33073355769,24978.61110126924,0.8291556359655781,0,383,0.01,1.28,1.28,1001,0,0,0,2025-11-12T18:43:50.626
61,1,10,10,Lagrangian,DefaultMultiForwardPass,Default,InSampleMonteCarloMultiple,1,0.0001,2,309.06885504722595,294.628,49,24781.194125169222,24621.136641294044,24938.003326510745,0.6287961361157732,0,608,0.01,1.28,1.28,2001,0,0,0,2025-11-12T18:43:50.626
61,1,10,10,Lagrangian,DefaultMultiForwardPass,Default,InSampleMonteCarloMultiple,1,0.0001,2,92.95209908485413,83.244,15,24717.848063506273,24559.557020878565,24873.542592795508,0.625944329033092,0,216,0.01,1.28,1.28,3001,0,0,0,2025-11-12T18:43:50.626
61,1,10,10,Lagrangian,DefaultMultiForwardPass,Angulo,InSampleMonteCarloMultiple,1,0.0001,2,79.27403616905212,67.121,29,24681.797994646422,24680.579495086848,24990.43336021924,1.235014059676589,332,99,0.01,1.28,1.28,1001,0,0,0,2025-11-12T18:43:50.626
61,1,10,10,Lagrangian,DefaultMultiForwardPass,Angulo,InSampleMonteCarloMultiple,1,0.0001,2,169.09250116348267,154.652,49,24746.611378109057,24623.287731742264,24937.981717368868,0.7673850331140663,433,249,0.01,1.28,1.28,2001,0,0,0,2025-11-12T18:43:50.626
61,1,10,10,Lagrangian,DefaultMultiForwardPass,Angulo,InSampleMonteCarloMultiple,1,0.0001,2,2114.145483016968,2043.729,188,24788.488929661224,24561.02721897239,24872.899381468582,0.33936715825838837,718,1082,0.01,1.28,1.28,3001,0,0,0,2025-11-12T18:43:50.626
61,1,10,10,Laporte,DefaultMultiForwardPass,Default,InSampleMonteCarloMultiple,1,0.0001,2,3610.336347103119,3106.018,631,4133.604665678591,30431.71630120339,30817.844377140438,86.58697663894769,0,10214,0.01,1.28,1.28,1001,0,0,0,2025-11-12T18:43:50.626
61,1,10,10,Laporte,DefaultMultiForwardPass,Default,InSampleMonteCarloMultiple,1,0.0001,2,3606.1739089488983,3100.189,629,4129.275824842131,29860.30355166941,30251.305173131517,86.3500903474748,0,10143,0.01,1.28,1.28,2001,0,0,0,2025-11-12T18:43:50.626
61,1,10,10,Laporte,DefaultMultiForwardPass,Default,InSampleMonteCarloMultiple,1,0.0001,2,3614.9354989528656,3082.197,620,4112.227737807288,29475.851634584338,29857.33674778328,86.2270778785633,0,10007,0.01,1.28,1.28,3001,0,0,0,2025-11-12T18:43:50.626
61,1,10,10,Laporte,DefaultMultiForwardPass,Angulo,InSampleMonteCarloMultiple,1,0.0001,2,31.809076070785522,15.968,29,24555.994631938414,24692.716284496066,25002.827731093126,1.7871302556671906,393,62,0.01,1.28,1.28,1001,0,0,0,2025-11-12T18:43:50.626
61,1,10,10,Laporte,DefaultMultiForwardPass,Angulo,InSampleMonteCarloMultiple,1,0.0001,2,73.37701606750488,47.735,57,24625.369129912302,24917.38068935052,25230.639468647492,2.39894965598205,671,174,0.01,1.28,1.28,2001,0,0,0,2025-11-12T18:43:50.626
61,1,10,10,Laporte,DefaultMultiForwardPass,Angulo,InSampleMonteCarloMultiple,1,0.0001,2,125.47800302505493,85.257,66,24612.334020526432,24660.803965896066,24969.887472655824,1.4319385801035103,754,209,0.01,1.28,1.28,3001,0,0,0,2025-11-12T18:43:50.626
61,1,10,10,Benders,DefaultMultiForwardPass,Default,InSampleMonteCarloMultiple,1,0.0001,2,16.492576122283936,6.024,29,24485.068549821204,24671.27121093043,24983.324706504583,1.994354884855076,364,0,0.01,1.28,1.28,1001,0,0,0,2025-11-12T18:43:50.626
61,1,10,10,Benders,DefaultMultiForwardPass,Default,InSampleMonteCarloMultiple,1,0.0001,2,23.001292943954468,8.552,49,24490.90476200638,24621.73456607197,24937.672655876555,1.7915380478173648,551,0,0.01,1.28,1.28,2001,0,0,0,2025-11-12T18:43:50.626
61,1,10,10,Benders,DefaultMultiForwardPass,Default,InSampleMonteCarloMultiple,1,0.0001,2,78.1726450920105,27.032,188,24494.322205287634,24560.243456680142,24874.20084363999,1.5271993690984642,1448,0,0.01,1.28,1.28,3001,0,0,0,2025-11-12T18:43:50.626
61,1,10,10,Lagrangian,DefaultMultiForwardPass,Comparison,InSampleMonteCarloMultiple,1,0.0001,2,255.06042003631592,242.02,29,24771.499539537144,24667.33073355769,24978.61110126924,0.8291556359655781,0,383,0.01,1.28,1.28,1001,0,0,383,2025-11-12T18:43:50.626
61,1,10,10,Lagrangian,DefaultMultiForwardPass,Comparison,InSampleMonteCarloMultiple,1,0.0001,2,477.0468490123749,458.097,49,24781.194125169222,24621.136641294044,24938.003326510745,0.6287961361157732,0,608,0.01,1.28,1.28,2001,0,0,608,2025-11-12T18:43:50.626
61,1,10,10,Lagrangian,DefaultMultiForwardPass,Comparison,InSampleMonteCarloMultiple,1,0.0001,2,108.46035599708557,98.367,15,24717.848063506273,24559.557020878565,24873.542592795508,0.625944329033092,0,216,0.01,1.28,1.28,3001,0,0,216,2025-11-12T18:43:50.626
62,1,10,10,Lagrangian,DefaultMultiForwardPass,Default,InSampleMonteCarloMultiple,1,0.0001,2,737.8211259841919,713.731,92,26414.82971175283,26261.79710820153,26599.53983132728,0.6944109587824926,0,997,0.01,1.28,1.28,1001,0,0,0,2025-11-12T18:43:50.626
62,1,10,10,Lagrangian,DefaultMultiForwardPass,Default,InSampleMonteCarloMultiple,1,0.0001,2,876.7292377948761,847.622,87,26419.619947085223,26237.42567631454,26577.08887208534,0.5924987712462048,0,939,0.01,1.28,1.28,2001,0,0,0,2025-11-12T18:43:50.626
62,1,10,10,Lagrangian,DefaultMultiForwardPass,Default,InSampleMonteCarloMultiple,1,0.0001,2,113.33927202224731,101.406,18,26384.81282436657,26335.308372001382,26672.882548986716,1.0800097218254683,0,274,0.01,1.28,1.28,3001,0,0,0,2025-11-12T18:43:50.626
62,1,10,10,Lagrangian,DefaultMultiForwardPass,Angulo,InSampleMonteCarloMultiple,1,0.0001,2,648.7863209247589,617.48,92,26396.00544836889,26254.87744819214,26592.80183759039,0.7400363091613573,686,510,0.01,1.28,1.28,1001,0,0,0,2025-11-12T18:43:50.626
62,1,10,10,Lagrangian,DefaultMultiForwardPass,Angulo,InSampleMonteCarloMultiple,1,0.0001,2,435.47997403144836,410.705,87,26395.575654367654,26229.150476092378,26570.43518895591,0.658098120504017,707,406,0.01,1.28,1.28,2001,0,0,0,2025-11-12T18:43:50.626
62,1,10,10,Lagrangian,DefaultMultiForwardPass,Angulo,InSampleMonteCarloMultiple,1,0.0001,2,453.88473987579346,427.831,89,26391.934916156417,26335.78958034639,26674.774104586853,1.0603245872728908,733,376,0.01,1.28,1.28,3001,0,0,0,2025-11-12T18:43:50.626
62,1,10,10,Laporte,DefaultMultiForwardPass,Default,InSampleMonteCarloMultiple,1,0.0001,2,3604.0253739356995,2990.776,625,4269.559455248975,30162.080556932357,30570.153517692794,86.03356881156019,0,10320,0.01,1.28,1.28,1001,0,0,0,2025-11-12T18:43:50.626
62,1,10,10,Laporte,DefaultMultiForwardPass,Default,InSampleMonteCarloMultiple,1,0.0001,2,3602.8255231380463,2994.268,554,4150.716043580676,31543.816403652105,31959.93190924543,87.01275066740693,0,9098,0.01,1.28,1.28,2001,0,0,0,2025-11-12T18:43:50.626
62,1,10,10,Laporte,DefaultMultiForwardPass,Default,InSampleMonteCarloMultiple,1,0.0001,2,3613.9332609176636,3005.841,632,4281.963732324365,32096.99429089871,32510.93675052765,86.82915916824552,0,10398,0.01,1.28,1.28,3001,0,0,0,2025-11-12T18:43:50.626
62,1,10,10,Laporte,DefaultMultiForwardPass,Angulo,InSampleMonteCarloMultiple,1,0.0001,2,40.25075697898865,22.718,47,26215.28468665936,26320.06688291457,26661.14049253432,1.672305826526092,649,107,0.01,1.28,1.28,1001,0,0,0,2025-11-12T18:43:50.626
62,1,10,10,Laporte,DefaultMultiForwardPass,Angulo,InSampleMonteCarloMultiple,1,0.0001,2,39.797386169433594,20.188,36,26203.815846872152,26299.5078905375,26637.279016987715,1.6272802107119326,495,74,0.01,1.28,1.28,2001,0,0,0,2025-11-12T18:43:50.626
62,1,10,10,Laporte,DefaultMultiForwardPass,Angulo,InSampleMonteCarloMultiple,1,0.0001,2,188.80885410308838,141.574,89,26280.415247375662,26468.504698330853,26810.89733566363,1.9786062422548076,1009,368,0.01,1.28,1.28,3001,0,0,0,2025-11-12T18:43:50.626
62,1,10,10,Benders,DefaultMultiForwardPass,Default,InSampleMonteCarloMultiple,1,0.0001,2,38.63408422470093,14.528,92,26138.855048189558,26260.028871156166,26598.99373742703,1.7299101378787054,963,0,0.01,1.28,1.28,1001,0,0,0,2025-11-12T18:43:50.626
62,1,10,10,Benders,DefaultMultiForwardPass,Default,InSampleMonteCarloMultiple,1,0.0001,2,37.90579891204834,14.245,87,26138.75827989382,26234.17143798591,26575.41242023355,1.6430756875376986,930,0,0.01,1.28,1.28,2001,0,0,0,2025-11-12T18:43:50.626
62,1,10,10,Benders,DefaultMultiForwardPass,Default,InSampleMonteCarloMultiple,1,0.0001,2,19.849358797073364,6.887,18,26110.516959664947,26337.022776923837,26675.15164735691,2.116706570805605,275,0,0.01,1.28,1.28,3001,0,0,0,2025-11-12T18:43:50.626
62,1,10,10,Lagrangian,DefaultMultiForwardPass,Comparison,InSampleMonteCarloMultiple,1,0.0001,2,1122.84104514122,1091.703,92,26414.82971175283,26261.79710820153,26599.53983132728,0.6944109587824926,0,997,0.01,1.28,1.28,1001,0,0,997,2025-11-12T18:43:50.626
62,1,10,10,Lagrangian,DefaultMultiForwardPass,Comparison,InSampleMonteCarloMultiple,1,0.0001,2,824.8533179759979,800.984,87,26419.619947085223,26237.42567631454,26577.08887208534,0.5924987712462048,0,939,0.01,1.28,1.28,2001,0,0,939,2025-11-12T18:43:50.626
62,1,10,10,Lagrangian,DefaultMultiForwardPass,Comparison,InSampleMonteCarloMultiple,1,0.0001,2,140.31505703926086,129.735,18,26384.81282436657,26335.308372001382,26672.882548986716,1.0800097218254683,0,274,0.01,1.28,1.28,3001,0,0,274,2025-11-12T18:43:50.626
63,1,10,20,Lagrangian,DefaultMultiForwardPass,Default,InSampleMonteCarloMultiple,1,0.0001,2,3625.7579329013824,3585.514,129,25845.228669498738,25776.362028896627,26124.180286249568,1.0677908883428424,0,1490,0.01,1.28,1.28,1001,0,0,0,2025-11-12T18:43:50.626
63,1,10,20,Lagrangian,DefaultMultiForwardPass,Default,InSampleMonteCarloMultiple,1,0.0001,2,678.5386090278625,663.487,37,25824.923161363302,25790.61943793934,26148.30450218757,1.2367201123775102,0,534,0.01,1.28,1.28,2001,0,0,0,2025-11-12T18:43:50.626
63,1,10,20,Lagrangian,DefaultMultiForwardPass,Default,InSampleMonteCarloMultiple,1,0.0001,2,2406.300877094269,2376.025,103,25846.70170067903,25845.35393458675,26192.594082347012,1.320573214629025,0,1321,0.01,1.28,1.28,3001,0,0,0,2025-11-12T18:43:50.626
63,1,10,20,Lagrangian,DefaultMultiForwardPass,Angulo,InSampleMonteCarloMultiple,1,0.0001,2,540.5673718452454,521.403,73,25803.369967825485,25781.95134646241,26130.707168687215,1.2526917038586023,700,379,0.01,1.28,1.28,1001,0,0,0,2025-11-12T18:43:50.626
63,1,10,20,Lagrangian,DefaultMultiForwardPass,Angulo,InSampleMonteCarloMultiple,1,0.0001,2,153.900328874588,141.636,37,25761.967987394226,25791.737514826902,26147.219929783856,1.4733954256865227,432,145,0.01,1.28,1.28,2001,0,0,0,2025-11-12T18:43:50.626
63,1,10,20,Lagrangian,DefaultMultiForwardPass,Angulo,InSampleMonteCarloMultiple,1,0.0001,2,1092.2806091308594,1063.196,103,25820.853325826618,25847.75851020558,26196.208874358937,1.4328620997510848,866,599,0.01,1.28,1.28,3001,0,0,0,2025-11-12T18:43:50.626
63,1,10,20,Laporte,DefaultMultiForwardPass,Default,InSampleMonteCarloMultiple,1,0.0001,2,3608.243010997772,3301.255,462,4069.2112162873937,30565.999527762895,30991.22133552327,86.86979395799702,0,7603,0.01,1.28,1.28,1001,0,0,0,2025-11-12T18:43:50.626
63,1,10,20,Laporte,DefaultMultiForwardPass,Default,InSampleMonteCarloMultiple,1,0.0001,2,3606.0856630802155,3299.562,463,4074.0195929967713,30078.33626702795,30514.726041880396,86.64900485291815,0,7626,0.01,1.28,1.28,2001,0,0,0,2025-11-12T18:43:50.626
63,1,10,20,Laporte,DefaultMultiForwardPass,Default,InSampleMonteCarloMultiple,1,0.0001,2,3634.174548149109,3316.915,465,4077.0086426292464,30420.311795028003,30849.57990219883,86.78423286296145,0,7659,0.01,1.28,1.28,3001,0,0,0,2025-11-12T18:43:50.626
63,1,10,20,Laporte,DefaultMultiForwardPass,Angulo,InSampleMonteCarloMultiple,1,0.0001,2,663.5302917957306,571.153,131,25720.21704160952,25883.58908878881,26232.24757661816,1.9519125592007271,1491,528,0.01,1.28,1.28,1001,0,0,0,2025-11-12T18:43:50.626
63,1,10,20,Laporte,DefaultMultiForwardPass,Angulo,InSampleMonteCarloMultiple,1,0.0001,2,29.016511917114258,16.829,30,25630.944211850816,25921.460660009885,26274.4189020146,2.4490539355541974,450,39,0.01,1.28,1.28,2001,0,0,0,2025-11-12T18:43:50.626
63,1,10,20,Laporte,DefaultMultiForwardPass,Angulo,InSampleMonteCarloMultiple,1,0.0001,2,61.65058088302612,43.706,48,25664.76310380524,25885.717999686425,26228.952841951515,2.1510189199924588,674,105,0.01,1.28,1.28,3001,0,0,0,2025-11-12T18:43:50.626
63,1,10,20,Benders,DefaultMultiForwardPass,Default,InSampleMonteCarloMultiple,1,0.0001,2,35.8932409286499,17.434,73,25574.167707539757,25784.523162453264,26132.414187408005,2.136222378326001,959,0,0.01,1.28,1.28,1001,0,0,0,2025-11-12T18:43:50.626
63,1,10,20,Benders,DefaultMultiForwardPass,Default,InSampleMonteCarloMultiple,1,0.0001,2,28.928197860717773,13.207,37,25560.202697118653,25791.28744116067,26146.1271983526,2.240960952989102,531,0,0.01,1.28,1.28,2001,0,0,0,2025-11-12T18:43:50.626
63,1,10,20,Benders,DefaultMultiForwardPass,Default,InSampleMonteCarloMultiple,1,0.0001,2,53.72887086868286,26.022,103,25578.239289617726,25853.54592986734,26200.5691984243,2.375253392754533,1290,0,0.01,1.28,1.28,3001,0,0,0,2025-11-12T18:43:50.626
63,1,10,20,Lagrangian,DefaultMultiForwardPass,Comparison,InSampleMonteCarloMultiple,1,0.0001,2,3635.0637311935425,3599.271,106,25844.752543112983,25779.205934795293,26127.12730681129,1.0807723343725266,0,1303,0.01,1.28,1.28,1001,0,0,1303,2025-11-12T18:43:50.626
63,1,10,20,Lagrangian,DefaultMultiForwardPass,Comparison,InSampleMonteCarloMultiple,1,0.0001,2,655.8442101478577,643.364,37,25824.923161363302,25790.61943793934,26148.30450218757,1.2367201123775102,0,534,0.01,1.28,1.28,2001,0,0,534,2025-11-12T18:43:50.626
63,1,10,20,Lagrangian,DefaultMultiForwardPass,Comparison,InSampleMonteCarloMultiple,1,0.0001,2,2922.2400789260864,2891.799,103,25846.70170067903,25845.35393458675,26192.594082347012,1.320573214629025,0,1321,0.01,1.28,1.28,3001,0,0,1321,2025-11-12T18:43:50.626
64,1,10,20,Lagrangian,DefaultMultiForwardPass,Default,InSampleMonteCarloMultiple,1,0.0001,2,73.25552201271057,65.344,7,25610.180872185294,25787.65327940296,26102.81462018099,1.8872821002790414,0,118,0.01,1.28,1.28,1001,0,0,0,2025-11-12T18:43:50.626
64,1,10,20,Lagrangian,DefaultMultiForwardPass,Default,InSampleMonteCarloMultiple,1,0.0001,2,989.9087719917297,969.695,54,25762.492235780872,25621.754863522332,25949.38149157481,0.7202069762418754,0,768,0.01,1.28,1.28,2001,0,0,0,2025-11-12T18:43:50.626
64,1,10,20,Lagrangian,DefaultMultiForwardPass,Default,InSampleMonteCarloMultiple,1,0.0001,2,159.26948404312134,149.866,15,25685.573642536754,25636.13015748611,25953.429655236174,1.0320640326061075,0,240,0.01,1.28,1.28,3001,0,0,0,2025-11-12T18:43:50.626
64,1,10,20,Lagrangian,DefaultMultiForwardPass,Angulo,InSampleMonteCarloMultiple,1,0.0001,2,12.320183038711548,4.362,7,25357.580835978377,25786.64310374956,26102.38884407198,2.8534093662571127,119,0,0.01,1.28,1.28,1001,0,0,0,2025-11-12T18:43:50.626
64,1,10,20,Lagrangian,DefaultMultiForwardPass,Angulo,InSampleMonteCarloMultiple,1,0.0001,2,244.8255319595337,228.078,54,25690.095414382577,25617.914717881147,25946.273233562046,0.9873395569121575,644,183,0.01,1.28,1.28,2001,0,0,0,2025-11-12T18:43:50.626
64,1,10,20,Lagrangian,DefaultMultiForwardPass,Angulo,InSampleMonteCarloMultiple,1,0.0001,2,27.579609155654907,17.098,15,25512.633348948133,25645.25722584994,25966.388613438456,1.7474715920083295,238,11,0.01,1.28,1.28,3001,0,0,0,2025-11-12T18:43:50.626
64,1,10,20,Laporte,DefaultMultiForwardPass,Default,InSampleMonteCarloMultiple,1,0.0001,2,3607.256664991379,3286.947,460,4122.827810049815,31628.533472484018,32002.169146749384,87.11703637605268,0,7565,0.01,1.28,1.28,1001,0,0,0,2025-11-12T18:43:50.626
64,1,10,20,Laporte,DefaultMultiForwardPass,Default,InSampleMonteCarloMultiple,1,0.0001,2,3611.8352460861206,3305.596,463,4131.271595544653,30211.339110496865,30605.09498724392,86.50135999490756,0,7601,0.01,1.28,1.28,2001,0,0,0,2025-11-12T18:43:50.626
64,1,10,20,Laporte,DefaultMultiForwardPass,Default,InSampleMonteCarloMultiple,1,0.0001,2,3611.5533831119537,3302.451,461,4124.709033211835,30090.568687649225,30470.442080827102,86.46324519260183,0,7592,0.01,1.28,1.28,3001,0,0,0,2025-11-12T18:43:50.626
64,1,10,20,Laporte,DefaultMultiForwardPass,Angulo,InSampleMonteCarloMultiple,1,0.0001,2,15.292898178100586,5.461,7,25357.580835978377,25786.64310374956,26102.38884407198,2.8534093662571127,119,0,0.01,1.28,1.28,1001,0,0,0,2025-11-12T18:43:50.626
64,1,10,20,Laporte,DefaultMultiForwardPass,Angulo,InSampleMonteCarloMultiple,1,0.0001,2,64.41336297988892,43.497,54,25588.383718836943,25663.75955090688,25991.746939661232,1.5518896123476422,775,102,0.01,1.28,1.28,2001,0,0,0,2025-11-12T18:43:50.626
64,1,10,20,Laporte,DefaultMultiForwardPass,Angulo,InSampleMonteCarloMultiple,1,0.0001,2,17.052870988845825,7.144,15,25465.355458757924,25749.787036878308,26067.93297609247,2.3115661601830295,247,6,0.01,1.28,1.28,3001,0,0,0,2025-11-12T18:43:50.626
64,1,10,20,Benders,DefaultMultiForwardPass,Default,InSampleMonteCarloMultiple,1,0.0001,2,12.492679834365845,4.471,7,25357.580835978377,25786.64310374956,26102.38884407198,2.8534093662571127,119,0,0.01,1.28,1.28,1001,0,0,0,2025-11-12T18:43:50.626
64,1,10,20,Benders,DefaultMultiForwardPass,Default,InSampleMonteCarloMultiple,1,0.0001,2,37.410457134246826,18.175,54,25473.847745245235,25622.030216299358,25950.703551472918,1.8375448098424174,723,0,0.01,1.28,1.28,2001,0,0,0,2025-11-12T18:43:50.626
64,1,10,20,Benders,DefaultMultiForwardPass,Default,InSampleMonteCarloMultiple,1,0.0001,2,21.380048036575317,8.514,15,25411.910122483754,25650.512545028487,25968.851857224367,2.1446529011088136,243,0,0.01,1.28,1.28,3001,0,0,0,2025-11-12T18:43:50.626
64,1,10,20,Lagrangian,DefaultMultiForwardPass,Comparison,InSampleMonteCarloMultiple,1,0.0001,2,105.05397200584412,94.873,7,25610.180872185294,25787.65327940296,26102.81462018099,1.8872821002790414,0,118,0.01,1.28,1.28,1001,0,0,118,2025-11-12T18:43:50.626
64,1,10,20,Lagrangian,DefaultMultiForwardPass,Comparison,InSampleMonteCarloMultiple,1,0.0001,2,892.7107150554657,877.188,54,25762.492235780872,25621.754863522332,25949.38149157481,0.7202069762418754,0,768,0.01,1.28,1.28,2001,0,0,768,2025-11-12T18:43:50.626
64,1,10,20,Lagrangian,DefaultMultiForwardPass,Comparison,InSampleMonteCarloMultiple,1,0.0001,2,239.8868329524994,227.463,15,25685.573642536754,25636.13015748611,25953.429655236174,1.0320640326061075,0,240,0.01,1.28,1.28,3001,0,0,240,2025-11-12T18:43:50.626
65,1,10,20,Lagrangian,DefaultMultiForwardPass,Default,InSampleMonteCarloMultiple,1,0.0001,2,210.0901961326599,200.931,16,22420.463251350324,22540.764570515083,22832.93657978177,1.8064839228638037,0,252,0.01,1.28,1.28,1001,0,0,0,2025-11-12T18:43:50.626
65,1,10,20,Lagrangian,DefaultMultiForwardPass,Default,InSampleMonteCarloMultiple,1,0.0001,2,230.52358102798462,220.579,18,22426.11537932526,22440.5927459236,22724.22839740696,1.3118730056230166,0,284,0.01,1.28,1.28,2001,0,0,0,2025-11-12T18:43:50.626
65,1,10,20,Lagrangian,DefaultMultiForwardPass,Default,InSampleMonteCarloMultiple,1,0.0001,2,48.90741801261902,40.024,4,21955.350952249755,22501.403410546438,22797.167976407873,3.692638598922855,0,65,0.01,1.28,1.28,3001,0,0,0,2025-11-12T18:43:50.626
65,1,10,20,Lagrangian,DefaultMultiForwardPass,Angulo,InSampleMonteCarloMultiple,1,0.0001,2,750.7134878635406,727.229,65,22438.87801595722,22529.16981046493,22820.427708383188,1.6719655621783276,615,344,0.01,1.28,1.28,1001,0,0,0,2025-11-12T18:43:50.626
65,1,10,20,Lagrangian,DefaultMultiForwardPass,Angulo,InSampleMonteCarloMultiple,1,0.0001,2,34.06679010391235,23.119,19,22253.116853786527,22428.473585327272,22718.429974416395,2.048174636864715,290,21,0.01,1.28,1.28,2001,0,0,0,2025-11-12T18:43:50.626
65,1,10,20,Lagrangian,DefaultMultiForwardPass,Angulo,InSampleMonteCarloMultiple,1,0.0001,2,16.73226499557495,5.349,4,21795.16956896247,22494.809482289304,22790.681066924088,4.3680638373128575,65,0,0.01,1.28,1.28,3001,0,0,0,2025-11-12T18:43:50.626
65,1,10,20,Laporte,DefaultMultiForwardPass,Default,InSampleMonteCarloMultiple,1,0.0001,2,3614.4630789756775,3293.51,419,3891.1124529669664,25284.84614877351,25652.854429436367,84.83165893421219,0,6897,0.01,1.28,1.28,1001,0,0,0,2025-11-12T18:43:50.626
65,1,10,20,Laporte,DefaultMultiForwardPass,Default,InSampleMonteCarloMultiple,1,0.0001,2,3605.5242359638214,3300.323,479,4017.988024545195,27143.818861132502,27500.054713490747,85.38916352564898,0,7903,0.01,1.28,1.28,2001,0,0,0,2025-11-12T18:43:50.626
65,1,10,20,Laporte,DefaultMultiForwardPass,Default,InSampleMonteCarloMultiple,1,0.0001,2,3601.0149738788605,3292.382,485,4031.939101583387,26677.60548950785,27043.94983723989,85.09116040427145,0,8023,0.01,1.28,1.28,3001,0,0,0,2025-11-12T18:43:50.626
65,1,10,20,Laporte,DefaultMultiForwardPass,Angulo,InSampleMonteCarloMultiple,1,0.0001,2,76.43535494804382,52.772,65,22288.95218854146,22614.657951263613,22905.404216217274,2.6912951278081243,917,126,0.01,1.28,1.28,1001,0,0,0,2025-11-12T18:43:50.626
65,1,10,20,Laporte,DefaultMultiForwardPass,Angulo,InSampleMonteCarloMultiple,1,0.0001,2,30.727965831756592,15.487,27,22243.242192674446,22553.13975570976,22838.7940469076,2.6076326666371883,424,22,0.01,1.28,1.28,2001,0,0,0,2025-11-12T18:43:50.626
65,1,10,20,Laporte,DefaultMultiForwardPass,Angulo,InSampleMonteCarloMultiple,1,0.0001,2,12.846259832382202,4.186,4,21795.16956896247,22494.809482289304,22790.681066924088,4.3680638373128575,65,0,0.01,1.28,1.28,3001,0,0,0,2025-11-12T18:43:50.626
65,1,10,20,Benders,DefaultMultiForwardPass,Default,InSampleMonteCarloMultiple,1,0.0001,2,34.87255501747131,16.592,65,22210.15336585752,22527.913849018223,22821.288653211843,2.6779175209648445,903,0,0.01,1.28,1.28,1001,0,0,0,2025-11-12T18:43:50.626
65,1,10,20,Benders,DefaultMultiForwardPass,Default,InSampleMonteCarloMultiple,1,0.0001,2,26.296429872512817,11.571,27,22192.085432766715,22440.807517836627,22724.237967625726,2.341783850429426,421,0,0.01,1.28,1.28,2001,0,0,0,2025-11-12T18:43:50.626
65,1,10,20,Benders,DefaultMultiForwardPass,Default,InSampleMonteCarloMultiple,1,0.0001,2,15.221769094467163,4.079,4,21795.16956896247,22494.809482289304,22790.681066924088,4.3680638373128575,65,0,0.01,1.28,1.28,3001,0,0,0,2025-11-12T18:43:50.626
65,1,10,20,Lagrangian,DefaultMultiForwardPass,Comparison,InSampleMonteCarloMultiple,1,0.0001,2,243.60853481292725,234.013,16,22420.463251350324,22540.764570515083,22832.93657978177,1.8064839228638037,0,252,0.01,1.28,1.28,1001,0,0,252,2025-11-12T18:43:50.626
65,1,10,20,Lagrangian,DefaultMultiForwardPass,Comparison,InSampleMonteCarloMultiple,1,0.0001,2,267.82403588294983,257.628,18,22426.11537932526,22440.5927459236,22724.22839740696,1.3118730056230166,0,284,0.01,1.28,1.28,2001,0,0,284,2025-11-12T18:43:50.626
65,1,10,20,Lagrangian,DefaultMultiForwardPass,Comparison,InSampleMonteCarloMultiple,1,0.0001,2,56.7957398891449,47.769,4,21955.350952249755,22501.403410546438,22797.167976407873,3.692638598922855,0,65,0.01,1.28,1.28,3001,0,0,65,2025-11-12T18:43:50.626
66,1,10,50,Lagrangian,DefaultMultiForwardPass,Default,InSampleMonteCarloMultiple,1,0.0001,2,472.1248400211334,462.983,15,24139.668971001876,24134.567032370822,24490.791962762323,1.4336939054250315,0,246,0.01,1.28,1.28,1001,0,0,0,2025-11-12T18:43:50.626
66,1,10,50,Lagrangian,DefaultMultiForwardPass,Default,InSampleMonteCarloMultiple,1,0.0001,2,204.65318703651428,195.757,8,24039.424203033577,24107.69987916207,24446.253151134406,1.6641771055289518,0,133,0.01,1.28,1.28,2001,0,0,0,2025-11-12T18:43:50.626
66,1,10,50,Lagrangian,DefaultMultiForwardPass,Default,InSampleMonteCarloMultiple,1,0.0001,2,2024.4752008914948,2009.661,48,24202.95141234922,23969.44427350043,24311.119106093745,0.4449309522629642,0,718,0.01,1.28,1.28,3001,0,0,0,2025-11-12T18:43:50.626
66,1,10,50,Lagrangian,DefaultMultiForwardPass,Angulo,InSampleMonteCarloMultiple,1,0.0001,2,124.65699815750122,114.508,28,24065.221211056603,24126.370867752285,24482.083813011184,1.7027251648123032,381,65,0.01,1.28,1.28,1001,0,0,0,2025-11-12T18:43:50.626
66,1,10,50,Lagrangian,DefaultMultiForwardPass,Angulo,InSampleMonteCarloMultiple,1,0.0001,2,20.311100959777832,12.1,8,23776.892765329416,24114.89910374159,24463.45972608345,2.806499850967527,134,1,0.01,1.28,1.28,2001,0,0,0,2025-11-12T18:43:50.626
66,1,10,50,Lagrangian,DefaultMultiForwardPass,Angulo,InSampleMonteCarloMultiple,1,0.0001,2,31.262881994247437,21.487,14,23935.73809173594,23965.647178137453,24312.714870391723,1.5505334581736427,221,10,0.01,1.28,1.28,3001,0,0,0,2025-11-12T18:43:50.626
66,1,10,50,Laporte,DefaultMultiForwardPass,Default,InSampleMonteCarloMultiple,1,0.0001,2,3625.0297701358795,3493.407,301,3762.679151100534,28141.608386157193,28572.75312556631,86.83123346719513,0,5000,0.01,1.28,1.28,1001,0,0,0,2025-11-12T18:43:50.626
66,1,10,50,Laporte,DefaultMultiForwardPass,Default,InSampleMonteCarloMultiple,1,0.0001,2,3602.88463807106,3462.125,268,3673.0086712057596,28603.17793593961,29020.87219974403,87.34356208895005,0,4422,0.01,1.28,1.28,2001,0,0,0,2025-11-12T18:43:50.626
66,1,10,50,Laporte,DefaultMultiForwardPass,Default,InSampleMonteCarloMultiple,1,0.0001,2,3609.156837940216,3466.404,265,3671.1872839721646,27650.83153256714,28074.364995999942,86.92334703030598,0,4386,0.01,1.28,1.28,3001,0,0,0,2025-11-12T18:43:50.626
66,1,10,50,Laporte,DefaultMultiForwardPass,Angulo,InSampleMonteCarloMultiple,1,0.0001,2,20.029074907302856,11.112,15,23945.125017213224,24146.637702336768,24499.73109673152,2.2637231295664546,241,7,0.01,1.28,1.28,1001,0,0,0,2025-11-12T18:43:50.626
66,1,10,50,Laporte,DefaultMultiForwardPass,Angulo,InSampleMonteCarloMultiple,1,0.0001,2,15.893686056137085,7.335,8,23777.155245783215,24107.7522981957,24456.554584649224,2.777984676927679,134,1,0.01,1.28,1.28,2001,0,0,0,2025-11-12T18:43:50.626
66,1,10,50,Laporte,DefaultMultiForwardPass,Angulo,InSampleMonteCarloMultiple,1,0.0001,2,19.360762119293213,10.223,14,23887.81518605737,24191.536595148944,24535.801428344756,2.640982582858715,226,5,0.01,1.28,1.28,3001,0,0,0,2025-11-12T18:43:50.626
66,1,10,50,Benders,DefaultMultiForwardPass,Default,InSampleMonteCarloMultiple,1,0.0001,2,17.1915500164032,8.946,15,23885.510092052064,24138.664556846026,24494.019948996847,2.4843200838893136,237,0,0.01,1.28,1.28,1001,0,0,0,2025-11-12T18:43:50.626
66,1,10,50,Benders,DefaultMultiForwardPass,Default,InSampleMonteCarloMultiple,1,0.0001,2,14.989917993545532,6.638,8,23777.155245783215,24102.344329481093,24451.06952012441,2.7561750367873685,134,0,0.01,1.28,1.28,2001,0,0,0,2025-11-12T18:43:50.626
66,1,10,50,Benders,DefaultMultiForwardPass,Default,InSampleMonteCarloMultiple,1,0.0001,2,18.67451000213623,9.354,14,23870.77814905744,23960.578370882053,24304.940250008432,1.786312150883976,226,0,0.01,1.28,1.28,3001,0,0,0,2025-11-12T18:43:50.626
66,1,10,50,Lagrangian,DefaultMultiForwardPass,Comparison,InSampleMonteCarloMultiple,1,0.0001,2,690.7137188911438,679.365,15,24139.668971001876,24134.567032370822,24490.791962762323,1.4336939054250315,0,246,0.01,1.28,1.28,1001,0,0,246,2025-11-12T18:43:50.626
66,1,10,50,Lagrangian,DefaultMultiForwardPass,Comparison,InSampleMonteCarloMultiple,1,0.0001,2,231.98985195159912,223.593,8,24039.424203033577,24107.69987916207,24446.253151134406,1.6641771055289518,0,133,0.01,1.28,1.28,2001,0,0,133,2025-11-12T18:43:50.626
66,1,10,50,Lagrangian,DefaultMultiForwardPass,Comparison,InSampleMonteCarloMultiple,1,0.0001,2,2614.0708520412445,2597.052,48,24202.95141234922,23969.44427350043,24311.119106093745,0.4449309522629642,0,718,0.01,1.28,1.28,3001,0,0,718,2025-11-12T18:43:50.626
67,1,10,50,Lagrangian,DefaultMultiForwardPass,Default,InSampleMonteCarloMultiple,1,0.0001,2,3622.502174139023,3600.697,62,24510.953699945327,24388.515545429047,24717.78547295334,0.8367730727104647,0,899,0.01,1.28,1.28,1001,0,0,0,2025-11-12T18:43:50.626
67,1,10,50,Lagrangian,DefaultMultiForwardPass,Default,InSampleMonteCarloMultiple,1,0.0001,2,584.9494071006775,574.757,19,24451.63998107173,24374.87807764642,24707.433110989303,1.0352881611315647,0,309,0.01,1.28,1.28,2001,0,0,0,2025-11-12T18:43:50.626
67,1,10,50,Lagrangian,DefaultMultiForwardPass,Default,InSampleMonteCarloMultiple,1,0.0001,2,1523.1871659755707,1505.469,34,24500.74000982401,24387.074456766764,24712.36544891252,0.8563544413666015,0,528,0.01,1.28,1.28,3001,0,0,0,2025-11-12T18:43:50.626
67,1,10,50,Lagrangian,DefaultMultiForwardPass,Angulo,InSampleMonteCarloMultiple,1,0.0001,2,602.5057661533356,584.585,65,24421.63803705696,24389.70036737492,24722.30827101774,1.2161899716834264,770,218,0.01,1.28,1.28,1001,0,0,0,2025-11-12T18:43:50.626
67,1,10,50,Lagrangian,DefaultMultiForwardPass,Angulo,InSampleMonteCarloMultiple,1,0.0001,2,3630.743418931961,3594.217,117,24485.9210533447,24369.247608237332,24701.83549611322,0.8740825871117722,1005,707,0.01,1.28,1.28,2001,0,0,0,2025-11-12T18:43:50.626
67,1,10,50,Lagrangian,DefaultMultiForwardPass,Angulo,InSampleMonteCarloMultiple,1,0.0001,2,13.07025408744812,4.695,3,23731.975293400043,24467.785442673216,24793.75120019444,4.282433497945531,50,0,0.01,1.28,1.28,3001,0,0,0,2025-11-12T18:43:50.626
67,1,10,50,Laporte,DefaultMultiForwardPass,Default,InSampleMonteCarloMultiple,1,0.0001,2,3620.11838388443,3466.815,301,3595.2401167300054,26969.482943786887,27387.383393883098,86.87264108066275,0,4954,0.01,1.28,1.28,1001,0,0,0,2025-11-12T18:43:50.626
67,1,10,50,Laporte,DefaultMultiForwardPass,Default,InSampleMonteCarloMultiple,1,0.0001,2,3610.8375430107117,3458.139,298,3582.4154290785486,28472.516412379973,28884.57406194376,87.59747877397825,0,4944,0.01,1.28,1.28,2001,0,0,0,2025-11-12T18:43:50.626
67,1,10,50,Laporte,DefaultMultiForwardPass,Default,InSampleMonteCarloMultiple,1,0.0001,2,3626.237848997116,3476.103,303,3597.1958786997366,28941.309038738444,29342.060589723093,87.74047968546684,0,5010,0.01,1.28,1.28,3001,0,0,0,2025-11-12T18:43:50.626
67,1,10,50,Laporte,DefaultMultiForwardPass,Angulo,InSampleMonteCarloMultiple,1,0.0001,2,124.12050199508667,102.193,65,24316.052060747385,24426.889409998475,24756.713307937665,1.7799666769538145,937,106,0.01,1.28,1.28,1001,0,0,0,2025-11-12T18:43:50.626
67,1,10,50,Laporte,DefaultMultiForwardPass,Angulo,InSampleMonteCarloMultiple,1,0.0001,2,25.998939037322998,15.094,19,24256.07028535743,24418.319180149618,24751.227625461503,2.0005364889243173,301,13,0.01,1.28,1.28,2001,0,0,0,2025-11-12T18:43:50.626
67,1,10,50,Laporte,DefaultMultiForwardPass,Angulo,InSampleMonteCarloMultiple,1,0.0001,2,13.253113985061646,4.74,3,23731.975293400043,24467.785442673216,24793.75120019444,4.282433497945531,50,0,0.01,1.28,1.28,3001,0,0,0,2025-11-12T18:43:50.626
67,1,10,50,Benders,DefaultMultiForwardPass,Default,InSampleMonteCarloMultiple,1,0.0001,2,50.64769887924194,33.055,65,24237.611396185555,24393.70295830205,24724.82473958481,1.9705431627153955,941,0,0.01,1.28,1.28,1001,0,0,0,2025-11-12T18:43:50.626
67,1,10,50,Benders,DefaultMultiForwardPass,Default,InSampleMonteCarloMultiple,1,0.0001,2,28.913420915603638,15.744,19,24187.84938522954,24385.134567047546,24717.089180964907,2.141189813495293,303,0,0.01,1.28,1.28,2001,0,0,0,2025-11-12T18:43:50.626
67,1,10,50,Benders,DefaultMultiForwardPass,Default,InSampleMonteCarloMultiple,1,0.0001,2,13.274290084838867,4.699,3,23731.975293400043,24467.785442673216,24793.75120019444,4.282433497945531,50,0,0.01,1.28,1.28,3001,0,0,0,2025-11-12T18:43:50.626
67,1,10,50,Lagrangian,DefaultMultiForwardPass,Comparison,InSampleMonteCarloMultiple,1,0.0001,2,3628.0217809677124,3607.03,55,24506.729814915056,24389.270171899378,24718.623862369597,0.8572242881899204,0,806,0.01,1.28,1.28,1001,0,0,806,2025-11-12T18:43:50.626
67,1,10,50,Lagrangian,DefaultMultiForwardPass,Comparison,InSampleMonteCarloMultiple,1,0.0001,2,678.5630419254303,667.848,19,24451.63998107173,24374.87807764642,24707.433110989303,1.0352881611315647,0,309,0.01,1.28,1.28,2001,0,0,309,2025-11-12T18:43:50.626
67,1,10,50,Lagrangian,DefaultMultiForwardPass,Comparison,InSampleMonteCarloMultiple,1,0.0001,2,1438.5359139442444,1425.361,34,24500.74000982401,24387.074456766764,24712.36544891252,0.8563544413666015,0,528,0.01,1.28,1.28,3001,0,0,528,2025-11-12T18:43:50.626
68,1,10,50,Lagrangian,DefaultMultiForwardPass,Default,InSampleMonteCarloMultiple,1,0.0001,2,1727.1406309604645,1709.975,39,24940.167286190353,25081.575159698066,25404.593711695885,1.8281198698789525,0,579,0.01,1.28,1.28,1001,0,0,0,2025-11-12T18:43:50.626
68,1,10,50,Lagrangian,DefaultMultiForwardPass,Default,InSampleMonteCarloMultiple,1,0.0001,2,3600.9399938583374,3578.847,73,24950.699003455728,25006.74140517789,25333.654164998574,1.5116459672523042,0,984,0.01,1.28,1.28,2001,0,0,0,2025-11-12T18:43:50.626
68,1,10,50,Lagrangian,DefaultMultiForwardPass,Default,InSampleMonteCarloMultiple,1,0.0001,2,3643.3776450157166,3618.905,66,24953.243761129146,24816.12511929929,25145.071378426863,0.7628835663687739,0,951,0.01,1.28,1.28,3001,0,0,0,2025-11-12T18:43:50.626
68,1,10,50,Lagrangian,DefaultMultiForwardPass,Angulo,InSampleMonteCarloMultiple,1,0.0001,2,403.7488839626312,388.469,49,24840.039354036166,25084.10164136569,25410.436374936966,2.244735243757557,609,153,0.01,1.28,1.28,1001,0,0,0,2025-11-12T18:43:50.626
68,1,10,50,Lagrangian,DefaultMultiForwardPass,Angulo,InSampleMonteCarloMultiple,1,0.0001,2,167.36508202552795,154.412,32,24769.925502034777,25010.014340230082,25337.02677207496,2.238231325015654,442,72,0.01,1.28,1.28,2001,0,0,0,2025-11-12T18:43:50.626
68,1,10,50,Lagrangian,DefaultMultiForwardPass,Angulo,InSampleMonteCarloMultiple,1,0.0001,2,2719.176831960678,2682.123,116,24921.671942201872,24811.319986887487,25141.558643145458,0.8745945470788652,1165,515,0.01,1.28,1.28,3001,0,0,0,2025-11-12T18:43:50.626
68,1,10,50,Laporte,DefaultMultiForwardPass,Default,InSampleMonteCarloMultiple,1,0.0001,2,3619.8250019550323,3489.291,292,3491.2877066074357,28817.396439901593,29217.458076365245,88.05067950304812,0,4788,0.01,1.28,1.28,1001,0,0,0,2025-11-12T18:43:50.626
68,1,10,50,Laporte,DefaultMultiForwardPass,Default,InSampleMonteCarloMultiple,1,0.0001,2,3618.150279045105,3488.595,301,3520.361728556046,28121.673382006564,28527.392957802425,87.65971452854684,0,4963,0.01,1.28,1.28,2001,0,0,0,2025-11-12T18:43:50.626
68,1,10,50,Laporte,DefaultMultiForwardPass,Default,InSampleMonteCarloMultiple,1,0.0001,2,3604.695303916931,3468.159,263,3417.782068515782,27512.91447427312,27926.73045567128,87.76161042574998,0,4348,0.01,1.28,1.28,3001,0,0,0,2025-11-12T18:43:50.626
68,1,10,50,Laporte,DefaultMultiForwardPass,Angulo,InSampleMonteCarloMultiple,1,0.0001,2,25.972392082214355,15.123,20,24628.09300072666,25109.705732293,25435.18461704024,3.173130560935139,315,10,0.01,1.28,1.28,1001,0,0,0,2025-11-12T18:43:50.626
68,1,10,50,Laporte,DefaultMultiForwardPass,Angulo,InSampleMonteCarloMultiple,1,0.0001,2,25.345402002334595,14.716,19,24678.147152847785,25020.22064407368,25349.61318053432,2.6488215930732513,302,12,0.01,1.28,1.28,2001,0,0,0,2025-11-12T18:43:50.626
68,1,10,50,Laporte,DefaultMultiForwardPass,Angulo,InSampleMonteCarloMultiple,1,0.0001,2,975.8680970668793,904.873,123,24798.301734380613,24897.9251284196,25223.87945948416,1.687201708155682,1514,425,0.01,1.28,1.28,3001,0,0,0,2025-11-12T18:43:50.626
68,1,10,50,Benders,DefaultMultiForwardPass,Default,InSampleMonteCarloMultiple,1,0.0001,2,44.67663311958313,27.614,39,24657.62941785822,25079.484437357507,25403.139377162497,2.934715856318498,577,0,0.01,1.28,1.28,1001,0,0,0,2025-11-12T18:43:50.626
68,1,10,50,Benders,DefaultMultiForwardPass,Default,InSampleMonteCarloMultiple,1,0.0001,2,21.416551113128662,11.527,19,24632.470227337453,25009.356676742027,25338.51476505104,2.786447999262459,306,0,0.01,1.28,1.28,2001,0,0,0,2025-11-12T18:43:50.626
68,1,10,50,Benders,DefaultMultiForwardPass,Default,InSampleMonteCarloMultiple,1,0.0001,2,113.83159303665161,73.853,123,24669.854140007817,24815.33329067445,25145.445351337785,1.8913612572173633,1596,0,0.01,1.28,1.28,3001,0,0,0,2025-11-12T18:43:50.626
68,1,10,50,Lagrangian,DefaultMultiForwardPass,Comparison,InSampleMonteCarloMultiple,1,0.0001,2,1601.9189541339874,1588.381,39,24940.167286190353,25081.575159698066,25404.593711695885,1.8281198698789525,0,579,0.01,1.28,1.28,1001,0,0,579,2025-11-12T18:43:50.626
68,1,10,50,Lagrangian,DefaultMultiForwardPass,Comparison,InSampleMonteCarloMultiple,1,0.0001,2,3626.580020904541,3606.443,66,24949.8897729323,25006.79441151416,25333.582233106736,1.5145606201440167,0,902,0.01,1.28,1.28,2001,0,0,902,2025-11-12T18:43:50.626
68,1,10,50,Lagrangian,DefaultMultiForwardPass,Comparison,InSampleMonteCarloMultiple,1,0.0001,2,3600.474662065506,3580.393,67,24953.288784195167,24814.690171458613,25143.74285607809,0.7574611026412237,0,963,0.01,1.28,1.28,3001,0,0,963,2025-11-12T18:43:50.626
69,1,15,3,Lagrangian,DefaultMultiForwardPass,Default,InSampleMonteCarloMultiple,1,0.0001,2,70.03985404968262,59.752,25,102146.88414336329,98097.9169572841,104796.55374522835,2.5283938327845066,0,484,0.01,1.28,1.28,1001,0,0,0,2025-11-12T18:43:50.626
69,1,15,3,Lagrangian,DefaultMultiForwardPass,Default,InSampleMonteCarloMultiple,1,0.0001,2,59.75217413902283,48.289,20,102155.41187629539,95271.77107678201,101916.06345997147,-0.2348485687125519,0,439,0.01,1.28,1.28,2001,0,0,0,2025-11-12T18:43:50.626
69,1,15,3,Lagrangian,DefaultMultiForwardPass,Default,InSampleMonteCarloMultiple,1,0.0001,2,22.262640953063965,13.975,4,100012.81204936224,97951.70942695592,104581.90207452881,4.368910810123224,0,89,0.01,1.28,1.28,3001,0,0,0,2025-11-12T18:43:50.626
69,1,15,3,Lagrangian,DefaultMultiForwardPass,Angulo,InSampleMonteCarloMultiple,1,0.0001,2,30.70662808418274,20.815,25,102106.98080227176,98103.45964063758,104801.47670546132,2.571047649225674,368,102,0.01,1.28,1.28,1001,0,0,0,2025-11-12T18:43:50.626
69,1,15,3,Lagrangian,DefaultMultiForwardPass,Angulo,InSampleMonteCarloMultiple,1,0.0001,2,28.765447854995728,19.155,20,102123.52566305397,95272.09563807464,101916.07178111457,-0.20355364793193967,323,68,0.01,1.28,1.28,2001,0,0,0,2025-11-12T18:43:50.626
69,1,15,3,Lagrangian,DefaultMultiForwardPass,Angulo,InSampleMonteCarloMultiple,1,0.0001,2,22.253252029418945,11.613,4,101306.20146434844,97967.73931602645,104597.94781718063,3.1470467839250476,78,2,0.01,1.28,1.28,3001,0,0,0,2025-11-12T18:43:50.626
69,1,15,3,Laporte,DefaultMultiForwardPass,Default,InSampleMonteCarloMultiple,1,0.0001,2,3609.03759598732,2372.827,789,4575.478665002736,108821.54910964868,115583.9209524726,96.04142286634821,0,19518,0.01,1.28,1.28,1001,0,0,0,2025-11-12T18:43:50.626
69,1,15,3,Laporte,DefaultMultiForwardPass,Default,InSampleMonteCarloMultiple,1,0.0001,2,3608.056272983551,2380.559,775,4560.88765146798,107090.75388256712,113801.65347805551,95.99224834431122,0,19220,0.01,1.28,1.28,2001,0,0,0,2025-11-12T18:43:50.626
69,1,15,3,Laporte,DefaultMultiForwardPass,Default,InSampleMonteCarloMultiple,1,0.0001,2,3601.1350400447845,2366.567,781,4567.359165002736,107797.1797819053,114467.86550185639,96.00992021212393,0,19279,0.01,1.28,1.28,3001,0,0,0,2025-11-12T18:43:50.626
69,1,15,3,Laporte,DefaultMultiForwardPass,Angulo,InSampleMonteCarloMultiple,1,0.0001,2,22.947906970977783,9.987,25,102003.92236409527,98240.61343099238,104940.67395245825,2.798487447958865,409,107,0.01,1.28,1.28,1001,0,0,0,2025-11-12T18:43:50.626
69,1,15,3,Laporte,DefaultMultiForwardPass,Angulo,InSampleMonteCarloMultiple,1,0.0001,2,22.778753995895386,9.22,20,101983.05968551792,95516.04516150143,102160.98143756781,0.1741582251327764,368,75,0.01,1.28,1.28,2001,0,0,0,2025-11-12T18:43:50.626
69,1,15,3,Laporte,DefaultMultiForwardPass,Angulo,InSampleMonteCarloMultiple,1,0.0001,2,12.248347043991089,3.948,4,101349.83995722177,97965.86257541548,104596.12997741396,3.1036425734806605,78,3,0.01,1.28,1.28,3001,0,0,0,2025-11-12T18:43:50.626
69,1,15,3,Benders,DefaultMultiForwardPass,Default,InSampleMonteCarloMultiple,1,0.0001,2,17.098705053329468,5.752,25,101919.13483022357,98102.41034513316,104800.3070726069,2.7492020995579876,387,0,0.01,1.28,1.28,1001,0,0,0,2025-11-12T18:43:50.626
69,1,15,3,Benders,DefaultMultiForwardPass,Default,InSampleMonteCarloMultiple,1,0.0001,2,19.40984606742859,6.355,20,101921.61603210286,95275.56782011669,101919.46830236119,-0.002107281147993978,331,0,0.01,1.28,1.28,2001,0,0,0,2025-11-12T18:43:50.626
69,1,15,3,Benders,DefaultMultiForwardPass,Default,InSampleMonteCarloMultiple,1,0.0001,2,12.429235935211182,3.714,4,101299.49875294062,97967.5367851478,104597.60135255603,3.153134065186487,78,0,0.01,1.28,1.28,3001,0,0,0,2025-11-12T18:43:50.626
69,1,15,3,Lagrangian,DefaultMultiForwardPass,Comparison,InSampleMonteCarloMultiple,1,0.0001,2,68.06213784217834,58.017,25,102146.21412407114,98097.9169572841,104796.55374522835,2.5290331851946872,0,481,0.01,1.28,1.28,1001,0,0,481,2025-11-12T18:43:50.626
69,1,15,3,Lagrangian,DefaultMultiForwardPass,Comparison,InSampleMonteCarloMultiple,1,0.0001,2,80.27813696861267,67.056,20,102155.41187629539,95271.77107678201,101916.06345997147,-0.2348485687125519,0,439,0.01,1.28,1.28,2001,0,0,439,2025-11-12T18:43:50.626
69,1,15,3,Lagrangian,DefaultMultiForwardPass,Comparison,InSampleMonteCarloMultiple,1,0.0001,2,24.148108959197998,15.879,4,100012.81204936224,97951.70942695592,104581.90207452881,4.368910810123224,0,89,0.01,1.28,1.28,3001,0,0,89,2025-11-12T18:43:50.626
70,1,15,3,Lagrangian,DefaultMultiForwardPass,Default,InSampleMonteCarloMultiple,1,0.0001,2,23.96533203125,15.837,5,55404.905675694645,56080.856166324214,57822.09376475883,4.1803883804314985,0,103,0.01,1.28,1.28,1001,0,0,0,2025-11-12T18:43:50.626
70,1,15,3,Lagrangian,DefaultMultiForwardPass,Default,InSampleMonteCarloMultiple,1,0.0001,2,122.29359412193298,105.221,28,56358.99864249526,56077.97554161058,57834.75781539197,2.5516821175378985,0,462,0.01,1.28,1.28,2001,0,0,0,2025-11-12T18:43:50.626
70,1,15,3,Lagrangian,DefaultMultiForwardPass,Default,InSampleMonteCarloMultiple,1,0.0001,2,54.920084953308105,42.455,9,56085.44679173,55996.94592428522,57732.46361431993,2.8528434774458633,0,191,0.01,1.28,1.28,3001,0,0,0,2025-11-12T18:43:50.626
70,1,15,3,Lagrangian,DefaultMultiForwardPass,Angulo,InSampleMonteCarloMultiple,1,0.0001,2,20.348938941955566,9.921,5,55984.261106729784,56008.21284642988,57748.29634430653,3.054696587167225,95,1,0.01,1.28,1.28,1001,0,0,0,2025-11-12T18:43:50.626
70,1,15,3,Lagrangian,DefaultMultiForwardPass,Angulo,InSampleMonteCarloMultiple,1,0.0001,2,44.486512899398804,32.416,28,56360.32747657693,56079.69213532379,57836.51228299966,2.552340637692009,387,125,0.01,1.28,1.28,2001,0,0,0,2025-11-12T18:43:50.626
70,1,15,3,Lagrangian,DefaultMultiForwardPass,Angulo,InSampleMonteCarloMultiple,1,0.0001,2,23.5184268951416,13.407,16,56189.07183244101,55970.23890705275,57700.461251716486,2.6193714685955185,316,32,0.01,1.28,1.28,3001,0,0,0,2025-11-12T18:43:50.626
70,1,15,3,Laporte,DefaultMultiForwardPass,Default,InSampleMonteCarloMultiple,1,0.0001,2,3606.908490896225,2437.859,746,4551.77206212886,70989.59255932934,72958.24633342064,93.76112736958181,0,18065,0.01,1.28,1.28,1001,0,0,0,2025-11-12T18:43:50.626
70,1,15,3,Laporte,DefaultMultiForwardPass,Default,InSampleMonteCarloMultiple,1,0.0001,2,3606.708214044571,2433.601,736,4541.258397410141,71623.80718346883,73548.17327504649,93.82546405275451,0,17921,0.01,1.28,1.28,2001,0,0,0,2025-11-12T18:43:50.626
70,1,15,3,Laporte,DefaultMultiForwardPass,Default,InSampleMonteCarloMultiple,1,0.0001,2,3601.9336841106415,2410.437,655,4413.726005052026,68376.7742726249,70315.6653340573,93.72298337207904,0,15894,0.01,1.28,1.28,3001,0,0,0,2025-11-12T18:43:50.626
70,1,15,3,Laporte,DefaultMultiForwardPass,Angulo,InSampleMonteCarloMultiple,1,0.0001,2,12.50913119316101,4.105,5,55982.7948854396,56029.84639927336,57767.52909960321,3.0895110834433623,89,7,0.01,1.28,1.28,1001,0,0,0,2025-11-12T18:43:50.626
70,1,15,3,Laporte,DefaultMultiForwardPass,Angulo,InSampleMonteCarloMultiple,1,0.0001,2,24.343353986740112,10.415,28,56252.58571249266,56158.5047602907,57914.863401181676,2.8702091157053418,468,97,0.01,1.28,1.28,2001,0,0,0,2025-11-12T18:43:50.626
70,1,15,3,Laporte,DefaultMultiForwardPass,Angulo,InSampleMonteCarloMultiple,1,0.0001,2,16.195979118347168,5.853,16,56141.08316573452,56055.5361401688,57786.0816141135,2.84670357018499,324,23,0.01,1.28,1.28,3001,0,0,0,2025-11-12T18:43:50.626
70,1,15,3,Benders,DefaultMultiForwardPass,Default,InSampleMonteCarloMultiple,1,0.0001,2,11.54074501991272,3.425,5,55982.7948854396,56006.108067175745,57743.81280185184,3.049708411973382,89,0,0.01,1.28,1.28,1001,0,0,0,2025-11-12T18:43:50.626
70,1,15,3,Benders,DefaultMultiForwardPass,Default,InSampleMonteCarloMultiple,1,0.0001,2,21.161720037460327,6.915,28,56108.26884696534,56083.4533101186,57839.87524643049,2.99379345492627,378,0,0.01,1.28,1.28,2001,0,0,0,2025-11-12T18:43:50.626
70,1,15,3,Benders,DefaultMultiForwardPass,Default,InSampleMonteCarloMultiple,1,0.0001,2,15.3052339553833,4.925,16,56092.296557074726,55966.87441808854,57697.25916674601,2.781696449449902,305,0,0.01,1.28,1.28,3001,0,0,0,2025-11-12T18:43:50.626
70,1,15,3,Lagrangian,DefaultMultiForwardPass,Comparison,InSampleMonteCarloMultiple,1,0.0001,2,26.361758947372437,17.9,5,55404.905675694645,56080.856166324214,57822.09376475883,4.1803883804314985,0,103,0.01,1.28,1.28,1001,0,0,103,2025-11-12T18:43:50.626
70,1,15,3,Lagrangian,DefaultMultiForwardPass,Comparison,InSampleMonteCarloMultiple,1,0.0001,2,112.24657988548279,99.242,28,56354.97910741426,56078.034139732226,57834.804764260574,2.5587112516039476,0,497,0.01,1.28,1.28,2001,0,0,497,2025-11-12T18:43:50.626
70,1,15,3,Lagrangian,DefaultMultiForwardPass,Comparison,InSampleMonteCarloMultiple,1,0.0001,2,57.24578094482422,45.699,9,56085.44679173,55996.94592428522,57732.46361431993,2.8528434774458633,0,191,0.01,1.28,1.28,3001,0,0,191,2025-11-12T18:43:50.626
71,1,15,3,Lagrangian,DefaultMultiForwardPass,Default,InSampleMonteCarloMultiple,1,0.0001,2,74.55882501602173,62.63,29,71347.32967860281,70953.30995983077,73370.61630576878,2.757625230697281,0,478,0.01,1.28,1.28,1001,0,0,0,2025-11-12T18:43:50.626
71,1,15,3,Lagrangian,DefaultMultiForwardPass,Default,InSampleMonteCarloMultiple,1,0.0001,2,302.59620094299316,272.936,90,71356.27253284582,70378.55168171284,72770.130220457,1.9429093823631989,0,772,0.01,1.28,1.28,2001,0,0,0,2025-11-12T18:43:50.626
71,1,15,3,Lagrangian,DefaultMultiForwardPass,Default,InSampleMonteCarloMultiple,1,0.0001,2,79.25678396224976,64.78,34,71349.32345288662,71185.74186758004,73555.33614384211,2.999119855344688,0,562,0.01,1.28,1.28,3001,0,0,0,2025-11-12T18:43:50.626
71,1,15,3,Lagrangian,DefaultMultiForwardPass,Angulo,InSampleMonteCarloMultiple,1,0.0001,2,33.59859490394592,21.8,29,71284.71823368197,70952.77272955386,73370.11523830297,2.842297572857453,489,68,0.01,1.28,1.28,1001,0,0,0,2025-11-12T18:43:50.626
71,1,15,3,Lagrangian,DefaultMultiForwardPass,Angulo,InSampleMonteCarloMultiple,1,0.0001,2,184.96944308280945,153.916,90,71351.89293125004,70382.57406673038,72774.18799027133,1.9543949555458078,799,414,0.01,1.28,1.28,2001,0,0,0,2025-11-12T18:43:50.626
71,1,15,3,Lagrangian,DefaultMultiForwardPass,Angulo,InSampleMonteCarloMultiple,1,0.0001,2,40.541625022888184,25.485,34,71276.39080963725,71181.1762481767,73550.77585242546,3.092265195613449,560,101,0.01,1.28,1.28,3001,0,0,0,2025-11-12T18:43:50.626
71,1,15,3,Laporte,DefaultMultiForwardPass,Default,InSampleMonteCarloMultiple,1,0.0001,2,3603.332344055176,2443.559,705,4250.230634118983,81481.37815868121,83912.55607068032,94.93492889128657,0,17131,0.01,1.28,1.28,1001,0,0,0,2025-11-12T18:43:50.626
71,1,15,3,Laporte,DefaultMultiForwardPass,Default,InSampleMonteCarloMultiple,1,0.0001,2,3603.6244399547577,2467.333,804,4400.775773569661,77102.94472666303,79499.7456070407,94.46441527583967,0,19522,0.01,1.28,1.28,2001,0,0,0,2025-11-12T18:43:50.626
71,1,15,3,Laporte,DefaultMultiForwardPass,Default,InSampleMonteCarloMultiple,1,0.0001,2,3604.002102136612,2465.491,805,4402.536225717993,78681.64656435298,81069.90357333254,94.56945668902192,0,19569,0.01,1.28,1.28,3001,0,0,0,2025-11-12T18:43:50.626
71,1,15,3,Laporte,DefaultMultiForwardPass,Angulo,InSampleMonteCarloMultiple,1,0.0001,2,26.783538818359375,10.308,29,71126.08833700704,71142.43515728378,73560.61882734789,3.309556837816813,539,92,0.01,1.28,1.28,1001,0,0,0,2025-11-12T18:43:50.626
71,1,15,3,Laporte,DefaultMultiForwardPass,Angulo,InSampleMonteCarloMultiple,1,0.0001,2,163.56985116004944,96.56,90,71337.68435249834,70452.53842435058,72844.7035476999,2.0688109386219664,979,747,0.01,1.28,1.28,2001,0,0,0,2025-11-12T18:43:50.626
71,1,15,3,Laporte,DefaultMultiForwardPass,Angulo,InSampleMonteCarloMultiple,1,0.0001,2,35.25968813896179,12.981,34,71196.26246857157,71180.50941984878,73549.75323304885,3.1998622171036164,636,118,0.01,1.28,1.28,3001,0,0,0,2025-11-12T18:43:50.626
71,1,15,3,Benders,DefaultMultiForwardPass,Default,InSampleMonteCarloMultiple,1,0.0001,2,17.86108899116516,5.601,29,71123.18444144107,70955.82048563767,73372.9964605571,3.066267056880322,515,0,0.01,1.28,1.28,1001,0,0,0,2025-11-12T18:43:50.626
71,1,15,3,Benders,DefaultMultiForwardPass,Default,InSampleMonteCarloMultiple,1,0.0001,2,34.80108308792114,11.45,90,71123.46377167887,70381.7300503553,72773.11676690348,2.266843950779984,686,0,0.01,1.28,1.28,2001,0,0,0,2025-11-12T18:43:50.626
71,1,15,3,Benders,DefaultMultiForwardPass,Default,InSampleMonteCarloMultiple,1,0.0001,2,22.232523918151855,7.553,34,71122.52235835906,71176.88832025317,73546.32531875244,3.2956139547265386,533,0,0.01,1.28,1.28,3001,0,0,0,2025-11-12T18:43:50.626
71,1,15,3,Lagrangian,DefaultMultiForwardPass,Comparison,InSampleMonteCarloMultiple,1,0.0001,2,110.1300139427185,94.834,29,71347.32967860276,70953.30995983077,73370.61630576878,2.7576252306973403,0,478,0.01,1.28,1.28,1001,0,0,478,2025-11-12T18:43:50.626
71,1,15,3,Lagrangian,DefaultMultiForwardPass,Comparison,InSampleMonteCarloMultiple,1,0.0001,2,297.5237169265747,272.221,90,71356.27253284582,70378.55189563363,72770.13042357852,1.942909656067613,0,771,0.01,1.28,1.28,2001,0,0,771,2025-11-12T18:43:50.626
71,1,15,3,Lagrangian,DefaultMultiForwardPass,Comparison,InSampleMonteCarloMultiple,1,0.0001,2,92.87898898124695,79.603,34,71351.0650788538,71176.9542182694,73546.51678817482,2.9851199012514105,0,583,0.01,1.28,1.28,3001,0,0,583,2025-11-12T18:43:50.626
72,1,20,3,Lagrangian,DefaultMultiForwardPass,Default,InSampleMonteCarloMultiple,1,0.0001,2,106.82723498344421,92.977,73,1.0868353879516523e6,1.0858566346843746e6,1.1252728852282432e6,3.415837863079273,0,581,0.01,1.28,1.28,1001,0,0,0,2025-11-12T18:43:50.626
72,1,20,3,Lagrangian,DefaultMultiForwardPass,Default,InSampleMonteCarloMultiple,1,0.0001,2,486.89788603782654,443.952,337,1.086872017003e6,1.0616015515714015e6,1.1000561175757342e6,1.1984934552056132,0,1082,0.01,1.28,1.28,2001,0,0,0,2025-11-12T18:43:50.626
72,1,20,3,Lagrangian,DefaultMultiForwardPass,Default,InSampleMonteCarloMultiple,1,0.0001,2,184.72293376922607,163.254,132,1.0868393751485092e6,1.0466940669850968e6,1.0856224895876008e6,-0.11209104201319718,0,570,0.01,1.28,1.28,3001,0,0,0,2025-11-12T18:43:50.626
72,1,20,3,Lagrangian,DefaultMultiForwardPass,Angulo,InSampleMonteCarloMultiple,1,0.0001,2,82.9577579498291,68.988,73,1.0868449184242908e6,1.0858779265657722e6,1.1252946580575446e6,3.4168596960750484,654,268,0.01,1.28,1.28,1001,0,0,0,2025-11-12T18:43:50.626
72,1,20,3,Lagrangian,DefaultMultiForwardPass,Angulo,InSampleMonteCarloMultiple,1,0.0001,2,455.63066697120667,412.394,337,1.0868040069340717e6,1.0615302449248359e6,1.0999852144436426e6,1.1983076987301016,581,349,0.01,1.28,1.28,2001,0,0,0,2025-11-12T18:43:50.626
72,1,20,3,Lagrangian,DefaultMultiForwardPass,Angulo,InSampleMonteCarloMultiple,1,0.0001,2,213.95509791374207,187.547,132,1.0867917464282422e6,1.0466566294238034e6,1.0855850178289756e6,-0.11115929010147083,573,274,0.01,1.28,1.28,3001,0,0,0,2025-11-12T18:43:50.626
72,1,20,3,Laporte,DefaultMultiForwardPass,Default,InSampleMonteCarloMultiple,1,0.0001,2,3615.915244102478,2524.967,717,4381.319593448745,1.258519694523492e6,1.30157913146254e6,99.6633843085264,0,23355,0.01,1.28,1.28,1001,0,0,0,2025-11-12T18:43:50.626
72,1,20,3,Laporte,DefaultMultiForwardPass,Default,InSampleMonteCarloMultiple,1,0.0001,2,3611.225911140442,2509.585,732,4401.653895854399,1.1943113380453768e6,1.2351911763093052e6,99.64364594078413,0,23553,0.01,1.28,1.28,2001,0,0,0,2025-11-12T18:43:50.626
72,1,20,3,Laporte,DefaultMultiForwardPass,Default,InSampleMonteCarloMultiple,1,0.0001,2,3613.0730550289154,2523.373,716,4381.319593448745,1.308471807906585e6,1.3515463387619408e6,99.67582912492205,0,23412,0.01,1.28,1.28,3001,0,0,0,2025-11-12T18:43:50.626
72,1,20,3,Laporte,DefaultMultiForwardPass,Angulo,InSampleMonteCarloMultiple,1,0.0001,2,55.68731999397278,35.007,73,1.0863048680883893e6,1.0858294860555069e6,1.1252455269260826e6,3.4606366260411088,596,194,0.01,1.28,1.28,1001,0,0,0,2025-11-12T18:43:50.626
72,1,20,3,Laporte,DefaultMultiForwardPass,Angulo,InSampleMonteCarloMultiple,1,0.0001,2,259.5933780670166,190.271,337,1.0862837808208882e6,1.0615848429149308e6,1.1000396100449252e6,1.250484900582373,850,507,0.01,1.28,1.28,2001,0,0,0,2025-11-12T18:43:50.626
72,1,20,3,Laporte,DefaultMultiForwardPass,Angulo,InSampleMonteCarloMultiple,1,0.0001,2,109.76572108268738,75.0,132,1.086325178922554e6,1.0466841809547542e6,1.0856123713844544e6,-0.06565948923284295,833,319,0.01,1.28,1.28,3001,0,0,0,2025-11-12T18:43:50.626
72,1,20,3,Benders,DefaultMultiForwardPass,Default,InSampleMonteCarloMultiple,1,0.0001,2,23.499197006225586,9.577,73,1.0862501401084021e6,1.0858076478010882e6,1.1252238063343433e6,3.463636834427294,914,0,0.01,1.28,1.28,1001,0,0,0,2025-11-12T18:43:50.626
72,1,20,3,Benders,DefaultMultiForwardPass,Default,InSampleMonteCarloMultiple,1,0.0001,2,95.56063890457153,42.696,337,1.086246767338403e6,1.0615750640668944e6,1.10002969681906e6,1.2529597628603009,882,0,0.01,1.28,1.28,2001,0,0,0,2025-11-12T18:43:50.626
72,1,20,3,Benders,DefaultMultiForwardPass,Default,InSampleMonteCarloMultiple,1,0.0001,2,37.20292901992798,15.645,132,1.086251090873502e6,1.0466757377504237e6,1.0856038559935894e6,-0.05961980296396421,1032,0,0.01,1.28,1.28,3001,0,0,0,2025-11-12T18:43:50.626
72,1,20,3,Lagrangian,DefaultMultiForwardPass,Comparison,InSampleMonteCarloMultiple,1,0.0001,2,131.0296049118042,116.49,73,1.0869249692548814e6,1.085884303276065e6,1.1253003843778616e6,3.410237449105347,0,735,0.01,1.28,1.28,1001,0,0,735,2025-11-12T18:43:50.626
72,1,20,3,Lagrangian,DefaultMultiForwardPass,Comparison,InSampleMonteCarloMultiple,1,0.0001,2,552.6330559253693,508.627,337,1.0867756303410374e6,1.0615458777154665e6,1.1000004151074565e6,1.2022527068889508,0,728,0.01,1.28,1.28,2001,0,0,728,2025-11-12T18:43:50.626
72,1,20,3,Lagrangian,DefaultMultiForwardPass,Comparison,InSampleMonteCarloMultiple,1,0.0001,2,283.2058720588684,255.993,132,1.0868226399298399e6,1.046680287627578e6,1.0856088018321123e6,-0.11181174062692824,0,678,0.01,1.28,1.28,3001,0,0,678,2025-11-12T18:43:50.626
73,1,20,3,Lagrangian,DefaultMultiForwardPass,Default,InSampleMonteCarloMultiple,1,0.0001,2,299.5660729408264,267.746,241,999998.3403879314,963584.4532946735,1.0116675493349775e6,1.1534628104575326,0,534,0.01,1.28,1.28,1001,0,0,0,2025-11-12T18:43:50.626
73,1,20,3,Lagrangian,DefaultMultiForwardPass,Default,InSampleMonteCarloMultiple,1,0.0001,2,213.17497205734253,186.948,124,999939.7359365481,971884.9014673199,1.0198129061127658e6,1.9487074596818454,0,543,0.01,1.28,1.28,2001,0,0,0,2025-11-12T18:43:50.626
73,1,20,3,Lagrangian,DefaultMultiForwardPass,Default,InSampleMonteCarloMultiple,1,0.0001,2,265.4938209056854,237.139,194,999985.9670904281,996471.7543772188,1.0449796018255589e6,4.305695025675891,0,529,0.01,1.28,1.28,3001,0,0,0,2025-11-12T18:43:50.626
73,1,20,3,Lagrangian,DefaultMultiForwardPass,Angulo,InSampleMonteCarloMultiple,1,0.0001,2,306.96360301971436,273.972,241,999997.3410491806,963542.9881063271,1.0116261965672448e6,1.149520994763132,661,391,0.01,1.28,1.28,1001,0,0,0,2025-11-12T18:43:50.626
73,1,20,3,Lagrangian,DefaultMultiForwardPass,Angulo,InSampleMonteCarloMultiple,1,0.0001,2,155.6824610233307,133.884,124,999985.7268923963,971867.8626289798,1.0197959562205467e6,1.942567942862692,676,373,0.01,1.28,1.28,2001,0,0,0,2025-11-12T18:43:50.626
73,1,20,3,Lagrangian,DefaultMultiForwardPass,Angulo,InSampleMonteCarloMultiple,1,0.0001,2,250.93031096458435,221.319,194,999958.9695350549,996469.659911421,1.0449773687039021e6,4.308074080559668,639,310,0.01,1.28,1.28,3001,0,0,0,2025-11-12T18:43:50.626
73,1,20,3,Laporte,DefaultMultiForwardPass,Default,InSampleMonteCarloMultiple,1,0.0001,2,3615.43323802948,2505.806,634,4188.0354046423545,1.0222996546199525e6,1.0720960574987102e6,99.60936005917107,0,20120,0.01,1.28,1.28,1001,0,0,0,2025-11-12T18:43:50.626
73,1,20,3,Laporte,DefaultMultiForwardPass,Default,InSampleMonteCarloMultiple,1,0.0001,2,3607.0294890403748,2497.646,738,4357.707514069495,1.0483677249591307e6,1.0984033654595397e6,99.60326892186403,0,23237,0.01,1.28,1.28,2001,0,0,0,2025-11-12T18:43:50.626
73,1,20,3,Laporte,DefaultMultiForwardPass,Default,InSampleMonteCarloMultiple,1,0.0001,2,3610.966027021408,2500.086,736,4357.707514069495,1.0556301432775676e6,1.105416460761377e6,99.60578590343516,0,23130,0.01,1.28,1.28,3001,0,0,0,2025-11-12T18:43:50.626
73,1,20,3,Laporte,DefaultMultiForwardPass,Angulo,InSampleMonteCarloMultiple,1,0.0001,2,168.68525004386902,119.546,241,999655.3896984217,963548.6792507025,1.0116315815117834e6,1.1838491435255984,553,262,0.01,1.28,1.28,1001,0,0,0,2025-11-12T18:43:50.626
73,1,20,3,Laporte,DefaultMultiForwardPass,Angulo,InSampleMonteCarloMultiple,1,0.0001,2,70.54152488708496,48.045,124,999593.8530409734,971895.0510409932,1.0198231843533645e6,1.983611632169142,449,171,0.01,1.28,1.28,2001,0,0,0,2025-11-12T18:43:50.626
73,1,20,3,Laporte,DefaultMultiForwardPass,Angulo,InSampleMonteCarloMultiple,1,0.0001,2,146.95518803596497,103.721,194,999621.877864389,996483.8169696832,1.0449917219283963e6,4.3416462649372125,513,224,0.01,1.28,1.28,3001,0,0,0,2025-11-12T18:43:50.626
73,1,20,3,Benders,DefaultMultiForwardPass,Default,InSampleMonteCarloMultiple,1,0.0001,2,54.687788009643555,24.777,241,999555.56831632,963546.1216535042,1.0116292476446286e6,1.1934885588193265,637,0,0.01,1.28,1.28,1001,0,0,0,2025-11-12T18:43:50.626
73,1,20,3,Benders,DefaultMultiForwardPass,Default,InSampleMonteCarloMultiple,1,0.0001,2,35.34068012237549,15.26,124,999543.8740481758,971864.8762747024,1.0197928848045408e6,1.9856003172885504,626,0,0.01,1.28,1.28,2001,0,0,0,2025-11-12T18:43:50.626
73,1,20,3,Benders,DefaultMultiForwardPass,Default,InSampleMonteCarloMultiple,1,0.0001,2,51.68849992752075,22.839,194,999550.8680727644,996458.018618419,1.0449657142709262e6,4.346060887734276,672,0,0.01,1.28,1.28,3001,0,0,0,2025-11-12T18:43:50.626
73,1,20,3,Lagrangian,DefaultMultiForwardPass,Comparison,InSampleMonteCarloMultiple,1,0.0001,2,437.0202491283417,398.193,241,999956.0427387488,963542.1075904823,1.0116251480829681e6,1.1535009154657958,0,412,0.01,1.28,1.28,1001,0,0,412,2025-11-12T18:43:50.626
73,1,20,3,Lagrangian,DefaultMultiForwardPass,Comparison,InSampleMonteCarloMultiple,1,0.0001,2,251.49773406982422,225.386,124,999925.1417414285,971864.8459722394,1.0197929334212522e6,1.9482182145712852,0,466,0.01,1.28,1.28,2001,0,0,466,2025-11-12T18:43:50.626
73,1,20,3,Lagrangian,DefaultMultiForwardPass,Comparison,InSampleMonteCarloMultiple,1,0.0001,2,341.1245701313019,309.339,194,999946.1001994875,996497.3668744304,1.0450049573680743e6,4.311831905761578,0,465,0.01,1.28,1.28,3001,0,0,465,2025-11-12T18:43:50.626
74,1,20,3,Lagrangian,DefaultMultiForwardPass,Default,InSampleMonteCarloMultiple,1,0.0001,2,26.312872886657715,17.811,6,1.5065560988210076e6,1.4677596404893582e6,1.5129799403100458e6,0.4245820660201085,0,165,0.01,1.28,1.28,1001,0,0,0,2025-11-12T18:43:50.626
74,1,20,3,Lagrangian,DefaultMultiForwardPass,Default,InSampleMonteCarloMultiple,1,0.0001,2,24.524681091308594,15.726,9,1.5065959427912077e6,1.4849902902440638e6,1.5303043564783665e6,1.5492613339818326,0,169,0.01,1.28,1.28,2001,0,0,0,2025-11-12T18:43:50.626
74,1,20,3,Lagrangian,DefaultMultiForwardPass,Default,InSampleMonteCarloMultiple,1,0.0001,2,196.98916292190552,172.31,126,1.5069498598587762e6,1.4966282092340125e6,1.5430226048553323e6,2.3377975723134736,0,532,0.01,1.28,1.28,3001,0,0,0,2025-11-12T18:43:50.626
74,1,20,3,Lagrangian,DefaultMultiForwardPass,Angulo,InSampleMonteCarloMultiple,1,0.0001,2,19.13189196586609,10.574,6,1.5059950766244053e6,1.4671447822887395e6,1.5123626921607708e6,0.42103759695815873,142,3,0.01,1.28,1.28,1001,0,0,0,2025-11-12T18:43:50.626
74,1,20,3,Lagrangian,DefaultMultiForwardPass,Angulo,InSampleMonteCarloMultiple,1,0.0001,2,26.698532104492188,15.117,9,1.5061372342233218e6,1.4849769121048304e6,1.5302906901738124e6,1.5783573739017704,180,5,0.01,1.28,1.28,2001,0,0,0,2025-11-12T18:43:50.626
74,1,20,3,Lagrangian,DefaultMultiForwardPass,Angulo,InSampleMonteCarloMultiple,1,0.0001,2,164.4838001728058,142.541,126,1.5069318142122254e6,1.4966321411867188e6,1.5430265420235256e6,2.339216262862566,582,347,0.01,1.28,1.28,3001,0,0,0,2025-11-12T18:43:50.626
74,1,20,3,Laporte,DefaultMultiForwardPass,Default,InSampleMonteCarloMultiple,1,0.0001,2,3614.4579741954803,2429.325,691,4541.181628339167,1.6374836528772302e6,1.6886361834166571e6,99.73107400676734,0,20795,0.01,1.28,1.28,1001,0,0,0,2025-11-12T18:43:50.626
74,1,20,3,Laporte,DefaultMultiForwardPass,Default,InSampleMonteCarloMultiple,1,0.0001,2,3600.0258100032806,2429.576,674,4510.892354534564,1.6786720912148072e6,1.7304791391598266e6,99.73932697294897,0,20388,0.01,1.28,1.28,2001,0,0,0,2025-11-12T18:43:50.626
74,1,20,3,Laporte,DefaultMultiForwardPass,Default,InSampleMonteCarloMultiple,1,0.0001,2,3600.585265159607,2415.221,678,4512.156231738531,1.6743148631920025e6,1.7271819739520003e6,99.73875617625777,0,20349,0.01,1.28,1.28,3001,0,0,0,2025-11-12T18:43:50.626
74,1,20,3,Laporte,DefaultMultiForwardPass,Angulo,InSampleMonteCarloMultiple,1,0.0001,2,12.943434953689575,4.448,6,1.5059903274456928e6,1.4670959860687624e6,1.512314183934872e6,0.4181575863241079,136,0,0.01,1.28,1.28,1001,0,0,0,2025-11-12T18:43:50.626
74,1,20,3,Laporte,DefaultMultiForwardPass,Angulo,InSampleMonteCarloMultiple,1,0.0001,2,13.786938905715942,4.801,9,1.5061377489261315e6,1.4850027365569812e6,1.530316364245934e6,1.5799749571204829,190,0,0.01,1.28,1.28,2001,0,0,0,2025-11-12T18:43:50.626
74,1,20,3,Laporte,DefaultMultiForwardPass,Angulo,InSampleMonteCarloMultiple,1,0.0001,2,100.13765215873718,67.15,126,1.506279596021098e6,1.496588207737081e6,1.542983269235933e6,2.378747323229895,723,200,0.01,1.28,1.28,3001,0,0,0,2025-11-12T18:43:50.626
74,1,20,3,Benders,DefaultMultiForwardPass,Default,InSampleMonteCarloMultiple,1,0.0001,2,15.370413064956665,4.822,6,1.5059903274456928e6,1.4670959860687624e6,1.512314183934872e6,0.4181575863241079,136,0,0.01,1.28,1.28,1001,0,0,0,2025-11-12T18:43:50.626
74,1,20,3,Benders,DefaultMultiForwardPass,Default,InSampleMonteCarloMultiple,1,0.0001,2,12.844951152801514,4.121,9,1.5061377489261315e6,1.4850027365569812e6,1.530316364245934e6,1.5799749571204829,190,0,0.01,1.28,1.28,2001,0,0,0,2025-11-12T18:43:50.626
74,1,20,3,Benders,DefaultMultiForwardPass,Default,InSampleMonteCarloMultiple,1,0.0001,2,37.31436204910278,15.803,126,1.5061984781428368e6,1.4966465646190066e6,1.5430406260573105e6,2.3876330468764535,780,0,0.01,1.28,1.28,3001,0,0,0,2025-11-12T18:43:50.626
74,1,20,3,Lagrangian,DefaultMultiForwardPass,Comparison,InSampleMonteCarloMultiple,1,0.0001,2,23.440025091171265,14.851,6,1.5064410105181711e6,1.46722328955628e6,1.5124399156080887e6,0.3966375806410587,0,125,0.01,1.28,1.28,1001,0,0,125,2025-11-12T18:43:50.626
74,1,20,3,Lagrangian,DefaultMultiForwardPass,Comparison,InSampleMonteCarloMultiple,1,0.0001,2,42.5924551486969,30.3,9,1.5067020475903323e6,1.4849663700221386e6,1.5302802829223308e6,1.540778875290204,0,176,0.01,1.28,1.28,2001,0,0,176,2025-11-12T18:43:50.626
74,1,20,3,Lagrangian,DefaultMultiForwardPass,Comparison,InSampleMonteCarloMultiple,1,0.0001,2,248.42950677871704,222.236,126,1.5071629650348274e6,1.4966034936966307e6,1.5429980509353566e6,2.3224323503718143,0,663,0.01,1.28,1.28,3001,0,0,663,2025-11-12T18:43:50.626
